avalanche,avalanches,avoid,certain,danger,deep,destructive,elevations,entire,exists,expected,extreme,farther,ft,heavy,human,involve,january,large,loading,loose,natural,near,occur,rain,run,runout,significant,slab,snow,snowpack,terrain,today,travel,triggered,wet,wind,zones
0.20851441405707477,0.41702882811414954,0.10425720702853739,0.10425720702853739,0.10425720702853739,0.20851441405707477,0.10425720702853739,0.10425720702853739,0.10425720702853739,0.10425720702853739,0.20851441405707477,0.10425720702853739,0.10425720702853739,0.20851441405707477,0.10425720702853739,0.10425720702853739,0.10425720702853739,0.10425720702853739,0.10425720702853739,0.10425720702853739,0.10425720702853739,0.10425720702853739,0.10425720702853739,0.10425720702853739,0.10425720702853739,0.10425720702853739,0.10425720702853739,0.10425720702853739,0.3127716210856122,0.20851441405707477,0.10425720702853739,0.10425720702853739,0.3127716210856122,0.10425720702853739,0.10425720702853739,0.3127716210856122,0.10425720702853739,0.10425720702853739
