avalanche,beginning,berthoud,conditions,create,dangerous,effect,evening,heavy,lasting,loveland,mile,monday,mountains,passes,range,recommended,snowfall,strong,sunday,terrain,time,travel,warning,wind
0.5222329678670935,0.17407765595569785,0.17407765595569785,0.17407765595569785,0.17407765595569785,0.17407765595569785,0.17407765595569785,0.17407765595569785,0.17407765595569785,0.17407765595569785,0.17407765595569785,0.17407765595569785,0.17407765595569785,0.17407765595569785,0.17407765595569785,0.17407765595569785,0.17407765595569785,0.17407765595569785,0.17407765595569785,0.17407765595569785,0.17407765595569785,0.17407765595569785,0.17407765595569785,0.17407765595569785,0.17407765595569785
